ts,last,pct,nifty_close,implied_gap,taken
2026-10-05 08:29:00+05:30,22616.0,0.02,22421.95,0.005437439571965186,2026-10-05 08:31:22.160711+05:30
2026-10-05 08:31:00+05:30,22610.5,0.0,22421.95,0.005192926575960266,2026-10-05 08:35:24.470401+05:30
2026-10-05 08:37:00+05:30,22605.0,-0.03,22421.95,0.004948413579955568,2026-10-05 08:39:25.856147+05:30
2026-10-05 08:41:00+05:30,22603.0,-0.04,22421.95,0.004859499763226527,2026-10-05 08:43:26.924867+05:30
2026-10-05 08:43:00+05:30,22605.0,-0.03,22421.95,0.004948413579955568,2026-10-05 08:47:28.398776+05:30
2026-10-05 08:49:00+05:30,22613.5,0.01,22421.95,0.005326297301053939,2026-10-05 08:51:29.590323+05:30
2026-10-05 08:54:00+05:30,22615.0,0.02,22421.95,0.005392982663600776,2026-10-05 08:55:30.684711+05:30
2026-10-05 08:57:00+05:30,22615.5,0.02,22421.95,0.005415211117782981,2026-10-05 08:59:32.165262+05:30
2026-10-05 09:02:00+05:30,22615.0,0.02,22421.95,0.005392982663600776,2026-10-05 09:03:33.241139+05:30
2026-10-05 09:05:00+05:30,22609.5,-0.01,22421.95,0.005148469667595856,2026-10-05 09:07:34.368593+05:30
2026-10-05 09:10:00+05:30,22617.0,0.03,22421.95,0.005481896480329818,2026-10-05 09:11:35.440505+05:30
