ts,open,high,low,close,volume
2026-10-07 09:15:00+05:30,22690.45,22692.95,22606.85,22613.85,81445.0
2026-10-07 09:16:00+05:30,22616.15,22621.05,22603.35,22608.05,57720.0
2026-10-07 09:17:00+05:30,22610.85,22614.45,22600.45,22610.8,45500.0
2026-10-07 09:18:00+05:30,22612.9,22624.05,22610.0,22617.85,36465.0
2026-10-07 09:19:00+05:30,22620.95,22629.0,22618.55,22622.7,18655.0
2026-10-07 09:20:00+05:30,22623.65,22623.85,22609.1,22610.7,17030.0
2026-10-07 09:21:00+05:30,22612.95,22617.4,22610.65,22615.65,11375.0
2026-10-07 09:22:00+05:30,22617.4,22626.45,22616.55,22617.5,18525.0
2026-10-07 09:23:00+05:30,22619.1,22619.1,22610.25,22611.7,14105.0
2026-10-07 09:24:00+05:30,22612.9,22619.15,22610.85,22618.25,13390.0
2026-10-07 09:25:00+05:30,22619.55,22619.7,22610.2,22611.85,13845.0
2026-10-07 09:26:00+05:30,22612.65,22612.65,22606.15,22609.3,21580.0
2026-10-07 09:27:00+05:30,22609.95,22618.8,22608.15,22618.75,7150.0
2026-10-07 09:28:00+05:30,22619.9,22626.8,22617.8,22626.8,4160.0
2026-10-07 09:29:00+05:30,22627.25,22629.65,22623.35,22624.0,11310.0
2026-10-07 09:30:00+05:30,22624.95,22625.0,22617.1,22622.45,6825.0
2026-10-07 09:31:00+05:30,22624.15,22634.3,22622.7,22632.5,7735.0
2026-10-07 09:32:00+05:30,22634.1,22634.1,22626.05,22626.6,5655.0
2026-10-07 09:33:00+05:30,22627.8,22629.8,22620.25,22620.4,5590.0
2026-10-07 09:34:00+05:30,22621.0,22621.3,22613.65,22613.65,7540.0
2026-10-07 09:35:00+05:30,22615.7,22616.25,22609.65,22611.1,15015.0
2026-10-07 09:36:00+05:30,22612.5,22612.85,22609.05,22610.65,12805.0
2026-10-07 09:37:00+05:30,22611.95,22612.4,22604.3,22606.75,8515.0
2026-10-07 09:38:00+05:30,22608.3,22608.3,22601.35,22603.35,10010.0
2026-10-07 09:39:00+05:30,22604.65,22605.8,22586.6,22587.6,44915.0
2026-10-07 09:40:00+05:30,22589.4,22592.35,22585.05,22588.5,15990.0
2026-10-07 09:41:00+05:30,22591.05,22602.25,22587.95,22601.45,11440.0
2026-10-07 09:42:00+05:30,22603.2,22613.95,22601.85,22612.95,13975.0
2026-10-07 09:43:00+05:30,22613.95,22625.9,22612.45,22622.75,11115.0
2026-10-07 09:44:00+05:30,22624.6,22625.85,22616.75,22617.1,5720.0
2026-10-07 09:45:00+05:30,22617.7,22622.25,22615.2,22620.4,4550.0
2026-10-07 09:46:00+05:30,22621.85,22622.3,22610.6,22611.45,4550.0
2026-10-07 09:47:00+05:30,22613.1,22613.7,22605.8,22606.7,4615.0
2026-10-07 09:48:00+05:30,22608.1,22612.15,22606.6,22611.55,3055.0
2026-10-07 09:49:00+05:30,22613.45,22613.45,22606.75,22612.55,2665.0
2026-10-07 09:50:00+05:30,22613.25,22622.4,22612.85,22618.25,4290.0
2026-10-07 09:51:00+05:30,22620.15,22625.2,22618.6,22620.95,3120.0
2026-10-07 09:52:00+05:30,22622.6,22624.75,22618.85,22621.0,5330.0
2026-10-07 09:53:00+05:30,22622.85,22626.75,22621.05,22625.7,5915.0
2026-10-07 09:54:00+05:30,22627.35,22627.35,22613.1,22614.1,6045.0
2026-10-07 09:55:00+05:30,22615.55,22615.55,22609.7,22610.95,3445.0
2026-10-07 09:56:00+05:30,22611.8,22613.1,22608.7,22611.45,11700.0
2026-10-07 09:57:00+05:30,22612.85,22613.9,22607.75,22609.05,2275.0
2026-10-07 09:58:00+05:30,22609.15,22610.95,22604.1,22606.7,32500.0
2026-10-07 09:59:00+05:30,22607.9,22610.9,22606.05,22609.4,10465.0
2026-10-07 10:00:00+05:30,22610.4,22619.85,22609.0,22618.2,6240.0
2026-10-07 10:01:00+05:30,22618.8,22619.15,22600.55,22601.5,7800.0
2026-10-07 10:02:00+05:30,22603.7,22603.7,22582.3,22585.35,27105.0
2026-10-07 10:03:00+05:30,22588.0,22596.25,22578.25,22594.95,50830.0
2026-10-07 10:04:00+05:30,22597.6,22609.4,22594.3,22608.9,23205.0
2026-10-07 10:05:00+05:30,22610.6,22621.45,22605.6,22621.45,14040.0
2026-10-07 10:06:00+05:30,22622.7,22628.8,22618.75,22619.45,21255.0
2026-10-07 10:07:00+05:30,22620.25,22620.25,22603.15,22606.55,18200.0
2026-10-07 10:08:00+05:30,22609.4,22617.35,22601.65,22615.35,3900.0
2026-10-07 10:09:00+05:30,22617.45,22623.4,22611.7,22622.8,12285.0
2026-10-07 10:10:00+05:30,22623.15,22623.25,22612.2,22613.2,3315.0
2026-10-07 10:11:00+05:30,22614.3,22625.8,22611.6,22619.6,2795.0
2026-10-07 10:12:00+05:30,22620.8,22622.95,22617.3,22619.75,3120.0
2026-10-07 10:13:00+05:30,22619.4,22623.85,22616.45,22618.15,2015.0
2026-10-07 10:14:00+05:30,22620.15,22620.15,22607.15,22611.5,20930.0
2026-10-07 10:15:00+05:30,22613.15,22620.3,22612.0,22614.9,3640.0
2026-10-07 10:16:00+05:30,22615.9,22647.85,22614.95,22641.1,20410.0
2026-10-07 10:17:00+05:30,22643.7,22653.5,22640.8,22650.3,28600.0
2026-10-07 10:18:00+05:30,22651.5,22678.85,22646.15,22677.2,31525.0
2026-10-07 10:19:00+05:30,22678.4,22682.75,22653.95,22656.15,20475.0
2026-10-07 10:20:00+05:30,22660.0,22673.15,22659.4,22671.65,14560.0
2026-10-07 10:21:00+05:30,22672.25,22686.0,22670.95,22682.85,15210.0
2026-10-07 10:22:00+05:30,22683.85,22685.05,22664.9,22665.4,11375.0
2026-10-07 10:23:00+05:30,22667.45,22667.45,22659.2,22664.2,6955.0
2026-10-07 10:24:00+05:30,22665.7,22675.45,22664.9,22667.4,6500.0
2026-10-07 10:25:00+05:30,22669.4,22679.35,22667.15,22677.5,13195.0
2026-10-07 10:26:00+05:30,22678.7,22680.05,22675.9,22678.85,3380.0
2026-10-07 10:27:00+05:30,22680.4,22683.75,22676.75,22679.85,9295.0
2026-10-07 10:28:00+05:30,22680.9,22682.5,22676.0,22680.35,6045.0
2026-10-07 10:29:00+05:30,22682.4,22701.6,22681.9,22697.9,43680.0
2026-10-07 10:30:00+05:30,22700.2,22700.55,22686.25,22686.6,9815.0
2026-10-07 10:31:00+05:30,22687.95,22696.75,22686.4,22689.75,5460.0
2026-10-07 10:32:00+05:30,22690.1,22692.15,22684.45,22686.85,3315.0
2026-10-07 10:33:00+05:30,22689.3,22690.15,22675.75,22676.4,4680.0
2026-10-07 10:34:00+05:30,22678.2,22678.2,22657.8,22657.85,9230.0
2026-10-07 10:35:00+05:30,22659.25,22664.35,22650.25,22652.6,9360.0
2026-10-07 10:36:00+05:30,22652.25,22654.15,22630.05,22630.05,9035.0
2026-10-07 10:37:00+05:30,22631.5,22639.6,22623.25,22638.0,7865.0
2026-10-07 10:38:00+05:30,22640.0,22650.05,22639.6,22648.1,975.0
2026-10-07 10:39:00+05:30,22649.7,22655.0,22640.25,22641.8,2470.0
2026-10-07 10:40:00+05:30,22643.55,22646.8,22640.9,22644.0,1885.0
2026-10-07 10:41:00+05:30,22646.15,22656.0,22643.9,22655.2,5720.0
2026-10-07 10:42:00+05:30,22656.75,22660.85,22652.8,22657.85,1625.0
2026-10-07 10:43:00+05:30,22660.4,22660.4,22651.7,22653.2,1170.0
2026-10-07 10:44:00+05:30,22654.05,22666.05,22653.15,22659.55,5005.0
2026-10-07 10:45:00+05:30,22660.2,22660.3,22650.1,22650.75,11115.0
2026-10-07 10:46:00+05:30,22652.75,22657.2,22651.5,22654.5,4615.0
2026-10-07 10:47:00+05:30,22655.9,22657.4,22650.15,22655.45,2340.0
2026-10-07 10:48:00+05:30,22657.2,22664.85,22656.3,22659.55,1950.0
2026-10-07 10:49:00+05:30,22660.6,22661.95,22656.75,22661.6,2015.0
2026-10-07 10:50:00+05:30,22662.95,22662.95,22658.4,22661.75,910.0
2026-10-07 10:51:00+05:30,22662.15,22666.75,22660.6,22664.45,2340.0
2026-10-07 10:52:00+05:30,22666.45,22668.85,22659.75,22661.0,2470.0
2026-10-07 10:53:00+05:30,22662.05,22666.6,22659.4,22665.75,2210.0
2026-10-07 10:54:00+05:30,22666.85,22680.25,22665.65,22680.25,5655.0
2026-10-07 10:55:00+05:30,22681.2,22684.4,22678.05,22682.0,0.0
2026-10-07 10:56:00+05:30,22683.75,22693.35,22680.75,22692.1,6435.0
2026-10-07 10:57:00+05:30,22692.95,22698.1,22690.15,22696.0,19760.0
2026-10-07 10:58:00+05:30,22697.65,22699.35,22694.9,22694.9,5460.0
2026-10-07 10:59:00+05:30,22697.0,22706.1,22695.95,22705.05,13650.0
2026-10-07 11:00:00+05:30,22705.35,22706.15,22693.75,22693.75,5915.0
2026-10-07 11:01:00+05:30,22696.8,22696.8,22690.25,22692.45,4680.0
2026-10-07 11:02:00+05:30,22693.45,22695.15,22690.25,22691.35,3185.0
2026-10-07 11:03:00+05:30,22692.25,22694.2,22690.45,22692.5,2795.0
2026-10-07 11:04:00+05:30,22693.6,22705.6,22691.05,22693.85,7930.0
2026-10-07 11:05:00+05:30,22695.2,22701.35,22690.85,22701.0,6045.0
2026-10-07 11:06:00+05:30,22702.3,22705.1,22699.75,22702.1,5200.0
2026-10-07 11:07:00+05:30,22703.0,22710.8,22701.8,22706.1,7995.0
2026-10-07 11:08:00+05:30,22706.55,22706.55,22700.25,22701.55,1625.0
2026-10-07 11:09:00+05:30,22702.45,22703.9,22696.55,22697.95,1820.0
2026-10-07 11:10:00+05:30,22700.05,22700.1,22691.05,22691.65,1820.0
2026-10-07 11:11:00+05:30,22692.85,22696.3,22691.9,22695.35,3380.0
2026-10-07 11:12:00+05:30,22696.2,22701.3,22693.95,22694.6,3900.0
2026-10-07 11:13:00+05:30,22696.05,22698.45,22694.55,22696.45,1170.0
2026-10-07 11:14:00+05:30,22697.5,22697.5,22689.6,22690.6,1690.0
2026-10-07 11:15:00+05:30,22691.45,22693.2,22687.6,22690.1,5070.0
2026-10-07 11:16:00+05:30,22690.2,22692.5,22688.85,22690.4,3705.0
2026-10-07 11:17:00+05:30,22691.65,22697.55,22689.2,22690.55,7020.0
2026-10-07 11:18:00+05:30,22691.55,22692.8,22685.0,22686.2,6695.0
2026-10-07 11:19:00+05:30,22687.35,22687.55,22677.3,22678.4,10270.0
2026-10-07 11:20:00+05:30,22680.45,22683.4,22673.55,22679.45,6825.0
2026-10-07 11:21:00+05:30,22680.4,22684.65,22679.35,22681.5,2860.0
2026-10-07 11:22:00+05:30,22682.55,22682.55,22678.65,22681.05,2340.0
2026-10-07 11:23:00+05:30,22681.3,22683.5,22678.6,22681.1,1430.0
2026-10-07 11:24:00+05:30,22682.45,22686.25,22681.1,22684.35,1495.0
2026-10-07 11:25:00+05:30,22685.55,22686.3,22680.25,22685.4,1625.0
2026-10-07 11:26:00+05:30,22687.0,22691.7,22686.6,22689.7,2730.0
2026-10-07 11:27:00+05:30,22690.2,22691.0,22681.05,22681.95,2600.0
2026-10-07 11:28:00+05:30,22682.9,22694.75,22682.1,22691.4,1950.0
2026-10-07 11:29:00+05:30,22692.75,22692.75,22682.15,22685.2,1885.0
2026-10-07 11:30:00+05:30,22685.75,22687.05,22672.65,22673.25,4420.0
2026-10-07 11:31:00+05:30,22674.15,22676.05,22665.35,22665.35,10140.0
2026-10-07 11:32:00+05:30,22666.05,22667.5,22659.05,22667.5,8125.0
2026-10-07 11:33:00+05:30,22667.4,22672.1,22666.15,22671.55,6435.0
2026-10-07 11:34:00+05:30,22672.7,22674.85,22668.25,22671.35,3250.0
2026-10-07 11:35:00+05:30,22671.9,22677.45,22670.6,22673.7,1820.0
2026-10-07 11:36:00+05:30,22675.45,22683.2,22674.05,22682.7,975.0
2026-10-07 11:37:00+05:30,22683.7,22689.1,22682.15,22687.0,2340.0
2026-10-07 11:38:00+05:30,22687.65,22694.45,22685.7,22692.45,2860.0
2026-10-07 11:39:00+05:30,22694.35,22696.7,22689.05,22690.05,3055.0
2026-10-07 11:40:00+05:30,22691.25,22691.25,22686.25,22690.05,1430.0
2026-10-07 11:41:00+05:30,22690.7,22692.85,22684.25,22684.8,2275.0
2026-10-07 11:42:00+05:30,22685.9,22685.9,22676.75,22678.1,4550.0
2026-10-07 11:43:00+05:30,22679.15,22680.0,22673.2,22673.45,7670.0
2026-10-07 11:44:00+05:30,22675.45,22675.65,22669.2,22673.2,3120.0
2026-10-07 11:45:00+05:30,22674.3,22674.3,22668.2,22672.95,2015.0
2026-10-07 11:46:00+05:30,22674.5,22684.95,22673.75,22675.4,2340.0
2026-10-07 11:47:00+05:30,22678.25,22681.9,22675.7,22680.35,1625.0
2026-10-07 11:48:00+05:30,22681.6,22684.4,22679.85,22683.75,2990.0
2026-10-07 11:49:00+05:30,22684.55,22686.55,22681.45,22685.65,1170.0
2026-10-07 11:50:00+05:30,22687.05,22688.15,22681.9,22684.8,1040.0
2026-10-07 11:51:00+05:30,22685.7,22689.75,22683.25,22688.0,780.0
2026-10-07 11:52:00+05:30,22688.5,22688.7,22681.95,22684.5,2665.0
2026-10-07 11:53:00+05:30,22685.85,22688.5,22681.45,22683.15,1820.0
2026-10-07 11:54:00+05:30,22684.4,22688.6,22679.75,22687.85,3055.0
2026-10-07 11:55:00+05:30,22690.05,22695.05,22685.9,22694.65,2860.0
2026-10-07 11:56:00+05:30,22695.55,22695.55,22683.0,22683.6,3965.0
2026-10-07 11:57:00+05:30,22684.5,22687.55,22683.0,22686.3,2340.0
2026-10-07 11:58:00+05:30,22688.05,22693.2,22686.9,22688.45,1170.0
2026-10-07 11:59:00+05:30,22689.1,22689.95,22684.8,22686.8,2600.0
2026-10-07 12:00:00+05:30,22688.05,22691.4,22686.0,22691.3,2730.0
2026-10-07 12:01:00+05:30,22691.85,22695.35,22689.1,22694.7,3315.0
2026-10-07 12:02:00+05:30,22695.7,22701.65,22694.7,22695.65,3380.0
2026-10-07 12:03:00+05:30,22696.9,22702.5,22695.95,22701.55,5655.0
2026-10-07 12:04:00+05:30,22702.8,22717.65,22702.7,22714.2,19760.0
2026-10-07 12:05:00+05:30,22715.4,22715.4,22708.95,22710.5,2730.0
2026-10-07 12:06:00+05:30,22711.75,22713.2,22705.0,22707.8,2795.0
2026-10-07 12:07:00+05:30,22708.3,22711.0,22703.0,22704.4,2535.0
2026-10-07 12:08:00+05:30,22705.1,22705.15,22696.1,22697.65,2405.0
2026-10-07 12:09:00+05:30,22698.3,22699.55,22692.0,22696.0,3055.0
2026-10-07 12:10:00+05:30,22696.9,22697.7,22691.35,22692.35,1170.0
2026-10-07 12:11:00+05:30,22692.4,22692.7,22680.2,22680.2,4680.0
2026-10-07 12:12:00+05:30,22681.95,22682.2,22675.05,22676.8,4875.0
2026-10-07 12:13:00+05:30,22677.55,22677.55,22665.15,22669.65,11050.0
2026-10-07 12:14:00+05:30,22670.7,22674.9,22670.05,22674.75,2665.0
2026-10-07 12:15:00+05:30,22676.3,22678.9,22674.25,22677.2,1040.0
2026-10-07 12:16:00+05:30,22677.8,22684.8,22677.3,22683.05,975.0
2026-10-07 12:17:00+05:30,22683.5,22684.6,22678.7,22680.75,975.0
2026-10-07 12:18:00+05:30,22680.9,22681.0,22667.4,22668.15,3055.0
2026-10-07 12:19:00+05:30,22669.0,22672.8,22664.2,22670.95,4290.0
2026-10-07 12:22:00+05:30,22676.95,22676.95,22667.35,22668.75,1365.0
2026-10-07 12:23:00+05:30,22669.55,22671.3,22666.95,22669.45,3250.0
2026-10-07 12:24:00+05:30,22669.95,22670.1,22662.85,22664.2,2275.0
2026-10-07 12:25:00+05:30,22665.25,22666.05,22661.3,22665.3,2145.0
2026-10-07 12:26:00+05:30,22665.55,22666.0,22654.75,22654.95,2600.0
2026-10-07 12:27:00+05:30,22656.3,22656.65,22650.45,22654.35,7020.0
2026-10-07 12:28:00+05:30,22655.2,22655.2,22646.85,22648.9,4420.0
2026-10-07 12:29:00+05:30,22649.3,22649.75,22645.9,22648.9,6695.0
2026-10-07 12:30:00+05:30,22650.3,22653.6,22646.45,22652.35,3445.0
2026-10-07 12:31:00+05:30,22653.25,22656.35,22651.6,22652.75,2210.0
2026-10-07 12:32:00+05:30,22654.9,22654.9,22648.4,22652.05,4615.0
2026-10-07 12:33:00+05:30,22652.95,22654.05,22647.65,22648.5,7605.0
2026-10-07 12:34:00+05:30,22649.5,22661.05,22648.3,22660.25,4485.0
2026-10-07 12:35:00+05:30,22661.7,22666.4,22660.3,22665.55,1365.0
2026-10-07 12:36:00+05:30,22666.3,22666.95,22657.25,22659.3,1495.0
2026-10-07 12:37:00+05:30,22660.2,22660.5,22656.55,22658.55,4030.0
2026-10-07 12:38:00+05:30,22658.95,22661.35,22654.05,22659.8,2275.0
2026-10-07 12:39:00+05:30,22661.0,22663.8,22658.7,22661.65,1495.0
2026-10-07 12:40:00+05:30,22662.75,22664.9,22660.7,22664.2,910.0
2026-10-07 12:41:00+05:30,22665.5,22665.65,22660.45,22663.15,1690.0
2026-10-07 12:42:00+05:30,22664.15,22670.5,22663.35,22668.7,2145.0
2026-10-07 12:43:00+05:30,22669.75,22673.3,22668.0,22672.5,1300.0
2026-10-07 12:44:00+05:30,22673.85,22675.0,22667.0,22667.15,4550.0
2026-10-07 12:45:00+05:30,22667.85,22668.75,22663.65,22663.65,1495.0
2026-10-07 12:46:00+05:30,22665.4,22666.6,22658.6,22665.0,16315.0
2026-10-07 12:47:00+05:30,22665.45,22666.5,22660.4,22661.65,1040.0
2026-10-07 12:48:00+05:30,22662.35,22662.9,22654.1,22655.65,1690.0
2026-10-07 12:49:00+05:30,22656.3,22661.35,22655.0,22655.35,1560.0
2026-10-07 12:50:00+05:30,22656.5,22656.5,22650.6,22651.3,2795.0
2026-10-07 12:51:00+05:30,22652.6,22652.95,22642.1,22643.75,6695.0
2026-10-07 12:52:00+05:30,22644.75,22649.8,22642.5,22648.8,2405.0
2026-10-07 12:53:00+05:30,22650.0,22656.5,22648.2,22655.0,2470.0
2026-10-07 12:54:00+05:30,22657.05,22659.55,22652.4,22652.4,8645.0
2026-10-07 12:55:00+05:30,22655.15,22655.3,22649.75,22651.0,2665.0
2026-10-07 12:56:00+05:30,22651.3,22651.8,22643.35,22647.05,3510.0
2026-10-07 12:57:00+05:30,22647.55,22647.55,22629.4,22631.35,7085.0
2026-10-07 12:58:00+05:30,22632.5,22633.65,22627.9,22629.7,3900.0
2026-10-07 12:59:00+05:30,22630.55,22630.55,22621.55,22621.55,13065.0
2026-10-07 13:00:00+05:30,22621.95,22622.3,22613.35,22616.2,12155.0
2026-10-07 13:01:00+05:30,22617.1,22628.2,22615.4,22627.05,5460.0
2026-10-07 13:02:00+05:30,22628.5,22629.3,22619.3,22621.05,4030.0
2026-10-07 13:03:00+05:30,22621.75,22622.2,22618.0,22619.65,2990.0
2026-10-07 13:04:00+05:30,22620.7,22621.7,22611.85,22612.75,3445.0
2026-10-07 13:05:00+05:30,22613.9,22613.9,22602.9,22604.15,17940.0
2026-10-07 13:06:00+05:30,22605.35,22605.35,22592.45,22593.25,20735.0
2026-10-07 13:07:00+05:30,22594.1,22595.15,22589.4,22590.05,20475.0
2026-10-07 13:08:00+05:30,22591.55,22592.4,22578.9,22579.6,10985.0
2026-10-07 13:09:00+05:30,22580.55,22580.9,22563.65,22565.65,71305.0
2026-10-07 13:10:00+05:30,22566.15,22566.15,22552.6,22552.75,32825.0
2026-10-07 13:11:00+05:30,22553.7,22575.05,22552.9,22567.9,52260.0
2026-10-07 13:12:00+05:30,22569.3,22581.2,22565.65,22580.55,6760.0
2026-10-07 13:13:00+05:30,22581.85,22585.9,22578.3,22583.0,9490.0
2026-10-07 13:14:00+05:30,22584.85,22584.85,22576.1,22578.0,4940.0
2026-10-07 13:15:00+05:30,22579.5,22580.9,22573.4,22577.2,5460.0
2026-10-07 13:16:00+05:30,22578.5,22584.5,22577.15,22584.5,3640.0
2026-10-07 13:17:00+05:30,22585.05,22595.15,22581.85,22594.5,8125.0
2026-10-07 13:18:00+05:30,22595.5,22596.35,22588.85,22590.15,5785.0
2026-10-07 13:19:00+05:30,22590.75,22590.75,22582.4,22583.4,4095.0
2026-10-07 13:20:00+05:30,22584.05,22585.45,22580.0,22580.1,1040.0
2026-10-07 13:21:00+05:30,22581.6,22581.65,22569.75,22575.55,8580.0
2026-10-07 13:22:00+05:30,22576.4,22581.65,22571.6,22575.1,5395.0
2026-10-07 13:23:00+05:30,22575.9,22575.95,22571.2,22574.2,2535.0
2026-10-07 13:24:00+05:30,22575.25,22575.35,22568.05,22571.6,5785.0
2026-10-07 13:25:00+05:30,22572.55,22572.65,22567.25,22571.0,4615.0
2026-10-07 13:26:00+05:30,22571.95,22576.0,22568.55,22575.35,975.0
2026-10-07 13:27:00+05:30,22575.65,22584.25,22575.15,22582.35,2665.0
2026-10-07 13:28:00+05:30,22584.35,22586.45,22582.05,22585.75,5330.0
2026-10-07 13:29:00+05:30,22586.55,22599.35,22584.85,22593.7,5590.0
2026-10-07 13:30:00+05:30,22594.55,22594.7,22586.9,22594.25,1690.0
2026-10-07 13:31:00+05:30,22594.8,22595.05,22585.8,22591.65,3120.0
2026-10-07 13:32:00+05:30,22592.6,22598.6,22590.55,22597.35,2340.0
2026-10-07 13:33:00+05:30,22598.8,22599.2,22583.0,22592.95,3055.0
2026-10-07 13:34:00+05:30,22594.0,22594.35,22590.3,22593.25,1495.0
2026-10-07 13:35:00+05:30,22594.3,22603.8,22593.15,22600.8,10205.0
2026-10-07 13:36:00+05:30,22603.05,22604.5,22597.35,22598.0,4420.0
2026-10-07 13:37:00+05:30,22599.3,22600.5,22596.55,22598.5,2210.0
2026-10-07 13:38:00+05:30,22600.75,22601.2,22596.7,22597.85,3835.0
2026-10-07 13:39:00+05:30,22599.1,22599.1,22593.7,22595.65,3835.0
2026-10-07 13:40:00+05:30,22597.25,22598.7,22594.25,22596.75,2470.0
2026-10-07 13:41:00+05:30,22597.1,22600.2,22594.6,22599.7,910.0
2026-10-07 13:42:00+05:30,22600.5,22604.0,22598.0,22603.3,1300.0
2026-10-07 13:43:00+05:30,22604.5,22604.55,22597.15,22599.45,5655.0
2026-10-07 13:44:00+05:30,22601.4,22604.1,22596.75,22603.6,4940.0
2026-10-07 13:45:00+05:30,22604.65,22604.65,22597.5,22598.9,910.0
2026-10-07 13:46:00+05:30,22599.7,22602.45,22594.85,22601.3,1950.0
2026-10-07 13:47:00+05:30,22603.35,22604.95,22597.75,22601.35,1560.0
2026-10-07 13:48:00+05:30,22601.65,22604.95,22598.7,22603.35,715.0
2026-10-07 13:49:00+05:30,22604.7,22605.8,22601.85,22605.1,2080.0
2026-10-07 13:50:00+05:30,22605.8,22606.75,22600.8,22603.45,1430.0
2026-10-07 13:51:00+05:30,22604.05,22606.15,22597.9,22598.85,1105.0
2026-10-07 13:52:00+05:30,22599.6,22599.6,22587.35,22588.25,2210.0
2026-10-07 13:53:00+05:30,22589.1,22589.6,22574.65,22577.5,3315.0
2026-10-07 13:54:00+05:30,22578.65,22578.8,22569.8,22575.6,10140.0
2026-10-07 13:55:00+05:30,22576.85,22586.3,22575.6,22585.95,2665.0
2026-10-07 13:56:00+05:30,22586.35,22586.35,22571.5,22572.3,7085.0
2026-10-07 13:57:00+05:30,22573.7,22573.75,22567.85,22570.1,6565.0
2026-10-07 13:58:00+05:30,22571.05,22572.45,22561.3,22561.55,9035.0
2026-10-07 13:59:00+05:30,22561.95,22563.1,22558.65,22563.1,46800.0
2026-10-07 14:00:00+05:30,22564.9,22565.45,22546.3,22551.25,23270.0
2026-10-07 14:01:00+05:30,22552.8,22566.6,22552.25,22565.5,8515.0
2026-10-07 14:02:00+05:30,22567.2,22574.7,22564.85,22572.35,2860.0
2026-10-07 14:03:00+05:30,22573.8,22575.3,22568.05,22571.1,3380.0
2026-10-07 14:04:00+05:30,22571.8,22574.5,22568.25,22571.0,2470.0
2026-10-07 14:05:00+05:30,22572.75,22573.75,22568.65,22573.5,5330.0
2026-10-07 14:06:00+05:30,22573.4,22574.3,22568.95,22573.6,4160.0
2026-10-07 14:07:00+05:30,22574.3,22578.55,22572.3,22574.35,4355.0
2026-10-07 14:08:00+05:30,22576.25,22577.65,22573.4,22575.45,3575.0
2026-10-07 14:09:00+05:30,22576.8,22576.8,22565.7,22566.05,9295.0
2026-10-07 14:10:00+05:30,22568.35,22569.0,22562.05,22563.25,4875.0
2026-10-07 14:11:00+05:30,22564.35,22565.1,22559.0,22559.0,3445.0
2026-10-07 14:12:00+05:30,22560.25,22562.65,22556.55,22560.25,5265.0
2026-10-07 14:13:00+05:30,22561.05,22562.2,22558.35,22560.3,10075.0
2026-10-07 14:14:00+05:30,22561.1,22563.25,22556.6,22559.3,2860.0
2026-10-07 14:15:00+05:30,22560.2,22570.1,22558.4,22569.05,7475.0
2026-10-07 14:16:00+05:30,22570.2,22573.5,22565.85,22571.95,3185.0
2026-10-07 14:17:00+05:30,22573.0,22575.3,22570.9,22574.95,6045.0
2026-10-07 14:18:00+05:30,22575.75,22584.75,22573.6,22578.85,7670.0
2026-10-07 14:19:00+05:30,22579.65,22582.75,22577.55,22578.8,1495.0
2026-10-07 14:20:00+05:30,22579.8,22590.75,22577.45,22584.1,4810.0
2026-10-07 14:21:00+05:30,22584.5,22584.65,22578.4,22582.05,4615.0
2026-10-07 14:22:00+05:30,22583.95,22585.9,22577.35,22578.9,1300.0
2026-10-07 14:23:00+05:30,22580.95,22583.45,22577.85,22581.9,6110.0
2026-10-07 14:24:00+05:30,22582.45,22588.4,22581.55,22585.25,3900.0
2026-10-07 14:25:00+05:30,22587.2,22594.95,22584.6,22594.1,9685.0
2026-10-07 14:26:00+05:30,22595.25,22609.65,22591.7,22608.1,18200.0
2026-10-07 14:27:00+05:30,22611.85,22621.8,22608.85,22620.9,37375.0
2026-10-07 14:28:00+05:30,22622.9,22635.95,22620.5,22632.85,36075.0
2026-10-07 14:29:00+05:30,22633.75,22648.8,22629.35,22639.85,60450.0
2026-10-07 14:30:00+05:30,22642.15,22643.35,22634.7,22636.9,8320.0
2026-10-07 14:31:00+05:30,22637.35,22646.8,22631.75,22637.35,12285.0
2026-10-07 14:32:00+05:30,22638.1,22638.25,22628.7,22637.25,13065.0
2026-10-07 14:33:00+05:30,22640.25,22644.15,22633.3,22637.45,8580.0
2026-10-07 14:34:00+05:30,22637.75,22637.75,22628.9,22629.4,8905.0
2026-10-07 14:35:00+05:30,22631.0,22632.2,22619.3,22624.95,6500.0
2026-10-07 14:36:00+05:30,22625.1,22625.35,22612.55,22618.65,5330.0
2026-10-07 14:37:00+05:30,22620.9,22622.5,22612.8,22617.75,7605.0
2026-10-07 14:38:00+05:30,22619.95,22620.0,22612.35,22615.0,2795.0
2026-10-07 14:39:00+05:30,22615.2,22617.35,22607.7,22609.8,7345.0
2026-10-07 14:40:00+05:30,22612.15,22613.8,22606.35,22609.8,5265.0
2026-10-07 14:41:00+05:30,22612.3,22614.4,22609.4,22614.4,6110.0
2026-10-07 14:42:00+05:30,22616.35,22619.65,22614.05,22615.95,5265.0
2026-10-07 14:43:00+05:30,22617.1,22619.8,22615.15,22616.0,5135.0
2026-10-07 14:44:00+05:30,22616.7,22620.85,22614.95,22620.3,3380.0
2026-10-07 14:45:00+05:30,22621.65,22622.75,22617.55,22618.3,5590.0
2026-10-07 14:46:00+05:30,22618.95,22621.0,22616.3,22617.75,3770.0
2026-10-07 14:47:00+05:30,22619.1,22619.3,22607.75,22607.75,3640.0
2026-10-07 14:48:00+05:30,22609.15,22609.15,22601.0,22605.7,14105.0
2026-10-07 14:49:00+05:30,22607.4,22615.9,22606.35,22612.25,2340.0
2026-10-07 14:50:00+05:30,22614.05,22614.3,22601.35,22602.2,4485.0
2026-10-07 14:51:00+05:30,22603.0,22603.0,22582.0,22583.65,11375.0
2026-10-07 14:52:00+05:30,22584.15,22593.4,22582.85,22590.9,13845.0
2026-10-07 14:53:00+05:30,22592.35,22598.15,22588.05,22596.45,9750.0
2026-10-07 14:54:00+05:30,22598.2,22603.3,22596.25,22602.2,5915.0
2026-10-07 14:55:00+05:30,22602.55,22607.65,22601.8,22605.75,12870.0
2026-10-07 14:56:00+05:30,22606.9,22608.8,22601.85,22602.05,4875.0
2026-10-07 14:57:00+05:30,22603.0,22607.0,22599.55,22600.65,5265.0
2026-10-07 14:58:00+05:30,22601.6,22605.8,22599.75,22604.0,4550.0
2026-10-07 14:59:00+05:30,22603.6,22605.45,22593.5,22593.75,1430.0
2026-10-07 15:00:00+05:30,22594.7,22595.45,22589.3,22591.1,7995.0
2026-10-07 15:01:00+05:30,22590.75,22595.2,22590.75,22593.4,12220.0
2026-10-07 15:02:00+05:30,22593.05,22594.8,22589.15,22591.85,7280.0
2026-10-07 15:03:00+05:30,22592.35,22596.9,22591.05,22596.6,14625.0
2026-10-07 15:04:00+05:30,22595.45,22598.65,22594.15,22596.15,10725.0
2026-10-07 15:05:00+05:30,22595.25,22596.5,22586.4,22588.1,10985.0
2026-10-07 15:06:00+05:30,22587.6,22589.0,22582.05,22585.75,18135.0
2026-10-07 15:07:00+05:30,22585.9,22586.65,22581.6,22584.5,17030.0
2026-10-07 15:08:00+05:30,22584.35,22585.1,22577.75,22579.1,16900.0
2026-10-07 15:09:00+05:30,22577.9,22583.6,22574.4,22582.8,12285.0
2026-10-07 15:10:00+05:30,22581.85,22586.45,22579.5,22584.0,15405.0
2026-10-07 15:11:00+05:30,22582.95,22588.4,22581.7,22585.65,13715.0
2026-10-07 15:12:00+05:30,22585.3,22589.15,22578.95,22585.8,19565.0
2026-10-07 15:13:00+05:30,22584.0,22593.2,22584.0,22588.35,15015.0
2026-10-07 15:14:00+05:30,22588.2,22615.45,22586.3,22615.45,27300.0
2026-10-07 15:15:00+05:30,22615.45,22615.45,22615.45,22615.45,14040.0
2026-10-07 15:16:00+05:30,22615.45,22615.45,22615.45,22615.45,21255.0
2026-10-07 15:17:00+05:30,22615.45,22615.45,22615.45,22615.45,11115.0
2026-10-07 15:18:00+05:30,22615.45,22615.45,22615.45,22615.45,17225.0
2026-10-07 15:19:00+05:30,22615.45,22615.45,22615.45,22615.45,26910.0
2026-10-07 15:20:00+05:30,22615.45,22615.45,22615.45,22615.45,24245.0
2026-10-07 15:21:00+05:30,22615.45,22615.45,22615.45,22615.45,13065.0
2026-10-07 15:22:00+05:30,22615.45,22615.45,22615.45,22615.45,21515.0
2026-10-07 15:23:00+05:30,22615.45,22615.45,22615.45,22615.45,9620.0
2026-10-07 15:24:00+05:30,22615.45,22615.45,22615.45,22615.45,12090.0
2026-10-07 15:25:00+05:30,22615.45,22615.45,22615.45,22615.45,17615.0
2026-10-07 15:26:00+05:30,22615.45,22615.45,22615.45,22615.45,26780.0
2026-10-07 15:27:00+05:30,22615.45,22615.45,22615.45,22615.45,25350.0
2026-10-07 15:28:00+05:30,22615.45,22615.45,22615.45,22615.45,26650.0
2026-10-07 15:29:00+05:30,22603.05,22603.05,22603.05,22603.05,19825.0
